-- ============================================
-- بيانات تجريبية واقعية
-- Realistic Sample Data
-- ============================================

-- Company ID: 33333333-3333-3333-3333-333333333333
-- Branch ID: 44444444-4444-4444-4444-444444444444
-- Warehouse ID: 55555555-5555-5555-5555-555555555555

-- ============================================
-- 1. تصنيفات المنتجات
-- ============================================

INSERT INTO product_categories (id, company_id, name, name_en) VALUES
('c0000001-0000-0000-0000-000000000001'::uuid, '33333333-3333-3333-3333-333333333333', 'ملابس رجالي', 'Men Clothing'),
('c0000002-0000-0000-0000-000000000002'::uuid, '33333333-3333-3333-3333-333333333333', 'ملابس حريمي', 'Women Clothing'),
('c0000003-0000-0000-0000-000000000003'::uuid, '33333333-3333-3333-3333-333333333333', 'ملابس أطفال', 'Kids Clothing'),
('c0000004-0000-0000-0000-000000000004'::uuid, '33333333-3333-3333-3333-333333333333', 'إكسسوارات', 'Accessories');

-- ============================================
-- 2. المنتجات
-- ============================================

INSERT INTO products (id, company_id, category_id, sku, name, name_en, cost_price, selling_price, min_stock_level) VALUES
-- ملابس رجالي
('a0000001-0000-0000-0000-000000000001'::uuid, '33333333-3333-3333-3333-333333333333', 'c0000001-0000-0000-0000-000000000001'::uuid, 'M-TSHIRT-001', 'تيشيرت رجالي قطن', 'Men Cotton T-Shirt', 80, 150, 10),
('a0000002-0000-0000-0000-000000000002'::uuid, '33333333-3333-3333-3333-333333333333', 'c0000001-0000-0000-0000-000000000001'::uuid, 'M-POLO-001', 'بولو رجالي', 'Men Polo Shirt', 120, 220, 10),
('a0000003-0000-0000-0000-000000000003'::uuid, '33333333-3333-3333-3333-333333333333', 'c0000001-0000-0000-0000-000000000001'::uuid, 'M-JEANS-001', 'جينز رجالي', 'Men Jeans', 200, 350, 5),
('a0000004-0000-0000-0000-000000000004'::uuid, '33333333-3333-3333-3333-333333333333', 'c0000001-0000-0000-0000-000000000001'::uuid, 'M-JACKET-001', 'جاكيت رجالي', 'Men Jacket', 350, 550, 5),
-- ملابس حريمي
('a0000005-0000-0000-0000-000000000005'::uuid, '33333333-3333-3333-3333-333333333333', 'c0000002-0000-0000-0000-000000000002'::uuid, 'W-DRESS-001', 'فستان حريمي', 'Women Dress', 180, 320, 8),
('a0000006-0000-0000-0000-000000000006'::uuid, '33333333-3333-3333-3333-333333333333', 'c0000002-0000-0000-0000-000000000002'::uuid, 'W-BLOUSE-001', 'بلوزة حريمي', 'Women Blouse', 90, 180, 10),
('a0000007-0000-0000-0000-000000000007'::uuid, '33333333-3333-3333-3333-333333333333', 'c0000002-0000-0000-0000-000000000002'::uuid, 'W-SKIRT-001', 'جيبة حريمي', 'Women Skirt', 100, 200, 8),
-- ملابس أطفال
('a0000008-0000-0000-0000-000000000008'::uuid, '33333333-3333-3333-3333-333333333333', 'c0000003-0000-0000-0000-000000000003'::uuid, 'K-TSHIRT-001', 'تيشيرت أطفال', 'Kids T-Shirt', 50, 100, 15),
('a0000009-0000-0000-0000-000000000009'::uuid, '33333333-3333-3333-3333-333333333333', 'c0000003-0000-0000-0000-000000000003'::uuid, 'K-PANTS-001', 'بنطلون أطفال', 'Kids Pants', 80, 150, 10),
-- إكسسوارات
('a0000010-0000-0000-0000-000000000010'::uuid, '33333333-3333-3333-3333-333333333333', 'c0000004-0000-0000-0000-000000000004'::uuid, 'ACC-BELT-001', 'حزام جلد', 'Leather Belt', 60, 120, 20);

-- ============================================
-- 3. المخزون
-- ============================================

INSERT INTO inventory (product_id, warehouse_id, quantity, average_cost) VALUES
('a0000001-0000-0000-0000-000000000001'::uuid, '55555555-5555-5555-5555-555555555555', 50, 80),
('a0000002-0000-0000-0000-000000000002'::uuid, '55555555-5555-5555-5555-555555555555', 35, 120),
('a0000003-0000-0000-0000-000000000003'::uuid, '55555555-5555-5555-5555-555555555555', 25, 200),
('a0000004-0000-0000-0000-000000000004'::uuid, '55555555-5555-5555-5555-555555555555', 15, 350),
('a0000005-0000-0000-0000-000000000005'::uuid, '55555555-5555-5555-5555-555555555555', 40, 180),
('a0000006-0000-0000-0000-000000000006'::uuid, '55555555-5555-5555-5555-555555555555', 45, 90),
('a0000007-0000-0000-0000-000000000007'::uuid, '55555555-5555-5555-5555-555555555555', 30, 100),
('a0000008-0000-0000-0000-000000000008'::uuid, '55555555-5555-5555-5555-555555555555', 60, 50),
('a0000009-0000-0000-0000-000000000009'::uuid, '55555555-5555-5555-5555-555555555555', 40, 80),
('a0000010-0000-0000-0000-000000000010'::uuid, '55555555-5555-5555-5555-555555555555', 100, 60);

-- ============================================
-- 4. العملاء
-- ============================================

INSERT INTO contacts (id, company_id, contact_type, code, name, phone, city, customer_group, total_orders, total_spent, credit_limit) VALUES
('b0000001-0000-0000-0000-000000000001'::uuid, '33333333-3333-3333-3333-333333333333', 'customer', 'C001', 'أحمد محمد علي', '01012345678', 'القاهرة', 'retail', 5, 2500, 5000),
('b0000002-0000-0000-0000-000000000002'::uuid, '33333333-3333-3333-3333-333333333333', 'customer', 'C002', 'محمد سعيد حسن', '01123456789', 'الجيزة', 'retail', 3, 1800, 3000),
('b0000003-0000-0000-0000-000000000003'::uuid, '33333333-3333-3333-3333-333333333333', 'customer', 'C003', 'فاطمة أحمد', '01234567890', 'الإسكندرية', 'wholesale', 8, 15000, 20000),
('b0000004-0000-0000-0000-000000000004'::uuid, '33333333-3333-3333-3333-333333333333', 'customer', 'C004', 'شركة النور للملابس', '01098765432', 'المنصورة', 'wholesale', 12, 45000, 50000),
('b0000005-0000-0000-0000-000000000005'::uuid, '33333333-3333-3333-3333-333333333333', 'customer', 'C005', 'سارة محمود', '01187654321', 'طنطا', 'retail', 2, 650, 2000);

-- ============================================
-- 5. الموردين
-- ============================================

INSERT INTO contacts (id, company_id, contact_type, code, name, phone, city, current_balance, credit_limit) VALUES
('d0000001-0000-0000-0000-000000000001'::uuid, '33333333-3333-3333-3333-333333333333', 'supplier', 'S001', 'مصنع السلام للملابس', '01055555555', 'العاشر من رمضان', 12500, 100000),
('d0000002-0000-0000-0000-000000000002'::uuid, '33333333-3333-3333-3333-333333333333', 'supplier', 'S002', 'شركة الفجر للاستيراد', '01066666666', 'بورسعيد', 8000, 50000),
('d0000003-0000-0000-0000-000000000003'::uuid, '33333333-3333-3333-3333-333333333333', 'supplier', 'S003', 'مؤسسة النيل للتجارة', '01077777777', 'السويس', 0, 30000);

-- ============================================
-- 6. طلبات المبيعات
-- ============================================

-- طلب 1: مكتمل ومدفوع
INSERT INTO sales_orders (id, company_id, branch_id, order_number, order_date, customer_id, customer_name, customer_phone, warehouse_id, subtotal, total, status, payment_status, paid_amount, remaining_amount, fulfillment_status) VALUES
('e0000001-0000-0000-0000-000000000001'::uuid, '33333333-3333-3333-3333-333333333333', '44444444-4444-4444-4444-444444444444', 'SO-2024-001', '2024-12-01', 'b0000001-0000-0000-0000-000000000001'::uuid, 'أحمد محمد علي', '01012345678', '55555555-5555-5555-5555-555555555555', 520, 520, 'completed', 'paid', 520, 0, 'fulfilled');

INSERT INTO sales_order_items (order_id, product_id, sku, name, quantity, unit_price, total) VALUES
('e0000001-0000-0000-0000-000000000001'::uuid, 'a0000001-0000-0000-0000-000000000001'::uuid, 'M-TSHIRT-001', 'تيشيرت رجالي قطن', 2, 150, 300),
('e0000001-0000-0000-0000-000000000001'::uuid, 'a0000010-0000-0000-0000-000000000010'::uuid, 'ACC-BELT-001', 'حزام جلد', 1, 120, 120),
('e0000001-0000-0000-0000-000000000001'::uuid, 'a0000008-0000-0000-0000-000000000008'::uuid, 'K-TSHIRT-001', 'تيشيرت أطفال', 1, 100, 100);

-- طلب 2: قيد التوصيل
INSERT INTO sales_orders (id, company_id, branch_id, order_number, order_date, customer_id, customer_name, customer_phone, warehouse_id, subtotal, shipping_cost, total, status, payment_status, cod_amount, fulfillment_status, tracking_number) VALUES
('e0000002-0000-0000-0000-000000000002'::uuid, '33333333-3333-3333-3333-333333333333', '44444444-4444-4444-4444-444444444444', 'SO-2024-002', '2024-12-03', 'b0000002-0000-0000-0000-000000000002'::uuid, 'محمد سعيد حسن', '01123456789', '55555555-5555-5555-5555-555555555555', 570, 50, 620, 'shipped', 'unpaid', 620, 'shipped', 'BOSTA12345');

INSERT INTO sales_order_items (order_id, product_id, sku, name, quantity, unit_price, total) VALUES
('e0000002-0000-0000-0000-000000000002'::uuid, 'a0000003-0000-0000-0000-000000000003'::uuid, 'M-JEANS-001', 'جينز رجالي', 1, 350, 350),
('e0000002-0000-0000-0000-000000000002'::uuid, 'a0000002-0000-0000-0000-000000000002'::uuid, 'M-POLO-001', 'بولو رجالي', 1, 220, 220);

-- طلب 3: جملة - جزئي الدفع
INSERT INTO sales_orders (id, company_id, branch_id, order_number, order_date, customer_id, customer_name, customer_phone, warehouse_id, subtotal, total, status, payment_status, paid_amount, remaining_amount, fulfillment_status) VALUES
('e0000003-0000-0000-0000-000000000003'::uuid, '33333333-3333-3333-3333-333333333333', '44444444-4444-4444-4444-444444444444', 'SO-2024-003', '2024-12-04', 'b0000004-0000-0000-0000-000000000004'::uuid, 'شركة النور للملابس', '01098765432', '55555555-5555-5555-5555-555555555555', 5000, 5000, 'confirmed', 'partial', 2000, 3000, 'unfulfilled');

INSERT INTO sales_order_items (order_id, product_id, sku, name, quantity, unit_price, total) VALUES
('e0000003-0000-0000-0000-000000000003'::uuid, 'a0000005-0000-0000-0000-000000000005'::uuid, 'W-DRESS-001', 'فستان حريمي', 10, 320, 3200),
('e0000003-0000-0000-0000-000000000003'::uuid, 'a0000006-0000-0000-0000-000000000006'::uuid, 'W-BLOUSE-001', 'بلوزة حريمي', 10, 180, 1800);

-- طلب 4: جديد (draft)
INSERT INTO sales_orders (id, company_id, branch_id, order_number, order_date, customer_id, customer_name, customer_phone, warehouse_id, subtotal, total, status, payment_status, fulfillment_status) VALUES
('e0000004-0000-0000-0000-000000000004'::uuid, '33333333-3333-3333-3333-333333333333', '44444444-4444-4444-4444-444444444444', 'SO-2024-004', '2024-12-05', 'b0000003-0000-0000-0000-000000000003'::uuid, 'فاطمة أحمد', '01234567890', '55555555-5555-5555-5555-555555555555', 1650, 1650, 'draft', 'unpaid', 'unfulfilled');

INSERT INTO sales_order_items (order_id, product_id, sku, name, quantity, unit_price, total) VALUES
('e0000004-0000-0000-0000-000000000004'::uuid, 'a0000004-0000-0000-0000-000000000004'::uuid, 'M-JACKET-001', 'جاكيت رجالي', 3, 550, 1650);

-- طلب 5: ملغي
INSERT INTO sales_orders (id, company_id, branch_id, order_number, order_date, customer_id, customer_name, customer_phone, warehouse_id, subtotal, total, status, payment_status, fulfillment_status) VALUES
('e0000005-0000-0000-0000-000000000005'::uuid, '33333333-3333-3333-3333-333333333333', '44444444-4444-4444-4444-444444444444', 'SO-2024-005', '2024-12-02', 'b0000005-0000-0000-0000-000000000005'::uuid, 'سارة محمود', '01187654321', '55555555-5555-5555-5555-555555555555', 200, 200, 'cancelled', 'unpaid', 'unfulfilled');

-- ============================================
-- 7. الفواتير (للمبيعات المكتملة)
-- ============================================

INSERT INTO invoices (id, company_id, branch_id, invoice_type, invoice_number, invoice_date, contact_id, warehouse_id, subtotal, total, paid_amount, remaining_amount, status, payment_status) VALUES
('f0000001-0000-0000-0000-000000000001'::uuid, '33333333-3333-3333-3333-333333333333', '44444444-4444-4444-4444-444444444444', 'sales', 'INV-2024-001', '2024-12-01', 'b0000001-0000-0000-0000-000000000001'::uuid, '55555555-5555-5555-5555-555555555555', 520, 520, 520, 0, 'confirmed', 'paid');

INSERT INTO invoice_items (invoice_id, product_id, description, quantity, unit_price, total, cost_price) VALUES
('f0000001-0000-0000-0000-000000000001'::uuid, 'a0000001-0000-0000-0000-000000000001'::uuid, 'تيشيرت رجالي قطن', 2, 150, 300, 80),
('f0000001-0000-0000-0000-000000000001'::uuid, 'a0000010-0000-0000-0000-000000000010'::uuid, 'حزام جلد', 1, 120, 120, 60),
('f0000001-0000-0000-0000-000000000001'::uuid, 'a0000008-0000-0000-0000-000000000008'::uuid, 'تيشيرت أطفال', 1, 100, 100, 50);

-- ============================================
-- 8. المدفوعات
-- ============================================

INSERT INTO payments (company_id, branch_id, payment_type, payment_method, payment_number, payment_date, contact_id, vault_id, amount, notes) VALUES
('33333333-3333-3333-3333-333333333333', '44444444-4444-4444-4444-444444444444', 'receipt', 'cash', 'REC-2024-001', '2024-12-01', 'b0000001-0000-0000-0000-000000000001'::uuid, '66666666-6666-6666-6666-666666666666', 520, 'تحصيل طلب SO-2024-001'),
('33333333-3333-3333-3333-333333333333', '44444444-4444-4444-4444-444444444444', 'receipt', 'bank_transfer', 'REC-2024-002', '2024-12-04', 'b0000004-0000-0000-0000-000000000004'::uuid, NULL, 2000, 'دفعة مقدمة من شركة النور');

-- تحديث رصيد الخزنة
UPDATE vaults SET current_balance = 520 WHERE id = '66666666-6666-6666-6666-666666666666';

-- ============================================
-- تم! ✅
-- ============================================
